"IDPERSONA","NOMBRE","APELLIDO1","APELLIDO2","CEDULA","TELEFONO","CLAVEPERSONA","IDDIRECCION"
1,"Bryan","Sanabria","Jimenez",111111111,88888888,1234,1
2,"Karol","Batista","Acuña",222222222,88888888,1234,2
3,"Esteban",Moreira,Rodriguez,333333333,88888888,1234,3
4,"Diego",Picon,Guerra,444444444,88888888,1234,4
5,"Bryan","Sanabria","Jimenez",555555555,88888888,1234,5
6,"Karol","Batista","Acuña",666666666,88888888,1234,6
7,"Esteban",Moreira,Rodriguez,777777777,88888888,1234,7
8,"Diego",Picon,Guerra,888888888,88888888,1234,8
9,"Bryan","Sanabria","Jimenez",999999999,88888888,1234,9
10,"Karol","Batista","Acuña",111111111,88888888,1234,10
11,"Esteban",Moreira,Rodriguez,222222222,88888888,1234,11
12,"Diego",Picon,Guerra,333333333,88888888,1234,12
13,"Bryan","Sanabria","Jimenez",444444444,88888888,1234,13
14,"Karol","Batista","Acuña",555555555,88888888,1234,14
15,"Esteban",Moreira,Rodriguez,666666666,88888888,1234,15
16,"Diego",Picon,Guerra,777777777,88888888,1234,16
17,"Bryan","Sanabria","Jimenez",888888888,88888888,1234,17
18,"Karol","Batista","Acuña",999999999,88888888,1234,18
19,"Esteban",Moreira,Rodriguez,111111111,88888888,1234,19
20,"Diego",Picon,Guerra,222222222,88888888,1234,20
21,"Bryan","Sanabria","Jimenez",333333333,88888888,1234,21
22,"Karol","Batista","Acuña",444444444,88888888,1234,22
23,"Esteban",Moreira,Rodriguez,555555555,88888888,1234,23
24,"Diego",Picon,Guerra,666666666,88888888,1234,24
25,"Bryan","Sanabria","Jimenez",777777777,88888888,1234,25
26,"Karol","Batista","Acuña",888888888,88888888,1234,26
27,"Esteban",Moreira,Rodriguez,999999999,88888888,1234,27
28,"Diego",Picon,Guerra,111111111,88888888,1234,28
29,"Bryan","Sanabria","Jimenez",222222222,88888888,1234,29
30,"Karol","Batista","Acuña",333333333,88888888,1234,30
31,"Esteban",Moreira,Rodriguez,444444444,88888888,1234,31
32,"Diego",Picon,Guerra,555555555,88888888,1234,32
33,"Bryan","Sanabria","Jimenez",666666666,88888888,1234,33
34,"Karol","Batista","Acuña",777777777,88888888,1234,34
35,"Esteban",Moreira,Rodriguez,888888888,88888888,1234,35
36,"Diego",Picon,Guerra,999999999,88888888,1234,36
37,"Bryan","Sanabria","Jimenez",111111111,88888888,1234,37
38,"Karol","Batista","Acuña",222222222,88888888,1234,38
39,"Esteban",Moreira,Rodriguez,333333333,88888888,1234,39
40,"Diego",Picon,Guerra,444444444,88888888,1234,40
41,"Bryan","Sanabria","Jimenez",555555555,88888888,1234,41
42,"Karol","Batista","Acuña",666666666,88888888,1234,42
43,"Esteban",Moreira,Rodriguez,777777777,88888888,1234,43
44,"Diego",Picon,Guerra,888888888,88888888,1234,44
45,"Bryan","Sanabria","Jimenez",999999999,88888888,1234,45
46,"Karol","Batista","Acuña",111111111,88888888,1234,46
47,"Esteban",Moreira,Rodriguez,222222222,88888888,1234,47
48,"Diego",Picon,Guerra,333333333,88888888,1234,48
49,"Bryan","Sanabria","Jimenez",444444444,88888888,1234,49
50,"Karol","Batista","Acuña",555555555,88888888,1234,50
51,"Esteban",Moreira,Rodriguez,666666666,88888888,1234,51
52,"Diego",Picon,Guerra,777777777,88888888,1234,52
53,"Bryan","Sanabria","Jimenez",888888888,88888888,1234,53
54,"Karol","Batista","Acuña",999999999,88888888,1234,54
55,"Esteban",Moreira,Rodriguez,111111111,88888888,1234,55
56,"Diego",Picon,Guerra,222222222,88888888,1234,56
57,"Bryan","Sanabria","Jimenez",333333333,88888888,1234,57
58,"Karol","Batista","Acuña",444444444,88888888,1234,58
59,"Esteban",Moreira,Rodriguez,555555555,88888888,1234,59
60,"Diego",Picon,Guerra,666666666,88888888,1234,60
61,"Bryan","Sanabria","Jimenez",777777777,88888888,1234,61
